{
  "best_epoch": 81,
  "mse": 1.9002844095230103,
  "mae": 0.7376616597175598,
  "rmse": 1.3785080375257195,
  "mae_H0": 0.08977852016687393,
  "mae_H1": 0.18723838031291962,
  "mae_H2": 1.935965657234192,
  "rmse_H0": 0.139442577958107,
  "rmse_H1": 0.26483455300331116,
  "rmse_H2": 2.3688135147094727,
  "r2_H0": -36.34143829345703,
  "r2_H1": -0.07647883892059326,
  "r2_H2": 0.12397617101669312,
  "r2_mean": -12.097979545593262
}